product_name,source,category,colour,date,price
Sony WH-1000XM5,Amazon,Headphones,Black,2026-09-23,29999
Sony WH-1000XM5,Amazon,Headphones,Black,2026-09-24,28999
Sony WH-1000XM5,Amazon,Headphones,Black,2026-09-25,27999
JBL Tune 770NC,Amazon,Headphones,Black,2026-09-23,5999
JBL Tune 770NC,Amazon,Headphones,Black,2026-09-24,5799
JBL Tune 770NC,Amazon,Headphones,Black,2026-09-25,5499
boAt Rockerz 450,Flipkart,Headphones,Black,2026-09-23,1499
boAt Rockerz 450,Flipkart,Headphones,Black,2026-09-24,1399
boAt Rockerz 450,Flipkart,Headphones,Black,2026-09-25,1299
OnePlus Nord Buds,Amazon,Headphones,White,2026-09-23,2999
OnePlus Nord Buds,Amazon,Headphones,White,2026-09-24,2899
OnePlus Nord Buds,Amazon,Headphones,White,2026-09-25,2799
Samsung Galaxy A55,Amazon,Phone,Blue,2026-09-23,29999
Samsung Galaxy A55,Amazon,Phone,Blue,2026-09-24,30499
Samsung Galaxy A55,Amazon,Phone,Blue,2026-09-25,29499
OnePlus Nord CE,Flipkart,Phone,Black,2026-09-23,24999
OnePlus Nord CE,Flipkart,Phone,Black,2026-09-24,23999
OnePlus Nord CE,Flipkart,Phone,Black,2026-09-25,22999
Redmi Note 14,Amazon,Phone,Green,2026-09-23,16999
Redmi Note 14,Amazon,Phone,Green,2026-09-24,16499
Redmi Note 14,Amazon,Phone,Green,2026-09-25,15999
Realme Narzo,Flipkart,Phone,Black,2026-09-23,13999
Realme Narzo,Flipkart,Phone,Black,2026-09-24,14299
Realme Narzo,Flipkart,Phone,Black,2026-09-25,13499
Women Cotton Kurti,Flipkart,Clothes,Yellow,2026-09-23,899
Women Cotton Kurti,Flipkart,Clothes,Yellow,2026-09-24,799
Women Cotton Kurti,Flipkart,Clothes,Yellow,2026-09-25,749
Men Casual Shirt,Amazon,Clothes,Blue,2026-09-23,999
Men Casual Shirt,Amazon,Clothes,Blue,2026-09-24,949
Men Casual Shirt,Amazon,Clothes,Blue,2026-09-25,899
Women Denim Jacket,Flipkart,Clothes,Blue,2026-09-23,1499
Women Denim Jacket,Flipkart,Clothes,Blue,2026-09-24,1399
Women Denim Jacket,Flipkart,Clothes,Blue,2026-09-25,1299
Men Hoodie,Amazon,Clothes,Grey,2026-09-23,1299
Men Hoodie,Amazon,Clothes,Grey,2026-09-24,1399
Men Hoodie,Amazon,Clothes,Grey,2026-09-25,1199
Note book ,meesho,stationary,white,2026-09-25,  200
Note book ,meesho,stationary,white,2026-07-25,  250
Note book ,meesho,stationary,white,2026-09-24,  309

