review_text,rating,label
"Excellent product and much better quality than expected.",5,Genuine
"These are just perfect, exactly what I was looking for.",5,Suspicious
"I was captivated by the product. The quality is good and it works well.",5,Genuine
"What a wonderful product. I absolutely love everything about it.",5,Suspicious
"Good quality and useful for everyday use.",4,Genuine
"Best product ever! Amazing quality! Must buy! Highly recommended!",5,Suspicious
"The product works well, although the camera quality could be better.",4,Genuine
"Absolutely perfect product. Everyone should buy this immediately!",5,Suspicious
"Battery life is decent and performance is smooth for normal use.",4,Genuine
"Fantastic amazing product! Perfect quality! Loved it so much!",5,Suspicious
omfortable to use.""Good value for money and c,4,Genuine
"Worst product ever. Completely useless and disappointing.",1,Suspicious
"Display quality is good and the phone performs well for daily tasks.",4,Genuine
"Superb product! Incredible! Perfect! Must buy without thinking!",5,Suspicious
"The product is okay for the price, but the build quality could be better.",3,Genuine
"Outstanding product, excellent in every possible way!",5,Suspicious
Kurti,meesho,Clothes,white,5,"The fabric quality is very best.. you can buy without worry.. the whole kurti's fabric is Georgette ... It's really nice, amazing".,Genuine
"Battery  and processor poor",3, Suspicious